{
  "config": {
    "checkpoint": "/work/scratch/checkpoints/fineweb/private_finetune_150m_synbios_key5pct_kl0p1/final",
    "bio_metadata": "/work/scratch/data/datasets/synthetic_bios/bios_metadata.json",
    "key_path": "/work/permutation-alignment/configs/keys/150m/both/key_5pct.json",
    "output_dir": "/work/scratch/checkpoints/fineweb/evals/partial_key_recovery_150m_synbios_key5pct_kl0p1_test",
    "eval_split": "test",
    "target_attr": null,
    "batch_size": 32,
    "max_bios": null,
    "partial_key_pcts": [
      0.1,
      0.2,
      0.3,
      0.4,
      0.5,
      0.6,
      0.7,
      0.8,
      0.9,
      1.0,
      2.0,
      3.0,
      4.0,
      5.0,
      6.0,
      7.0,
      8.0,
      9.0,
      10.0,
      20.0,
      30.0,
      40.0,
      50.0,
      60.0,
      70.0,
      80.0,
      90.0,
      100.0
    ],
    "num_runs": 100,
    "seed": 42,
    "device": "auto"
  },
  "memo_eval_mode": "greedy_decode_extraction_attack_style",
  "baseline_c1": {
    "num_bios": 4800,
    "top1_acc": 0.022697916723166903,
    "exact_match": 0.001875
  },
  "baseline_full_c2": {
    "num_bios": 4800,
    "top1_acc": 0.9977083333333333,
    "exact_match": 0.9977083333333333
  },
  "partial_key_summaries": [
    {
      "pct": 0.1,
      "swaps_kept": 2,
      "total_swaps": 2224,
      "num_runs": 100,
      "top1_acc_mean": 0.02259406255617117,
      "top1_acc_std": 0.000986787159741801,
      "top1_acc_min": 0.018677083378036818,
      "top1_acc_max": 0.02582291673248013,
      "top1_acc_recovery_vs_full_c2": -0.00010651595636978426,
      "exact_match_mean": 0.0018,
      "exact_match_std": 0.00013736538150463777,
      "exact_match_min": 0.0014583333333333334,
      "exact_match_max": 0.001875,
      "exact_match_recovery_vs_full_c2": -7.531380753138073e-05
    },
    {
      "pct": 0.2,
      "swaps_kept": 4,
      "total_swaps": 2224,
      "num_runs": 100,
      "top1_acc_mean": 0.02291854172370707,
      "top1_acc_std": 0.0030408015146972216,
      "top1_acc_min": 0.018177083376795054,
      "top1_acc_max": 0.04970833344695469,
      "top1_acc_recovery_vs_full_c2": 0.0002262796343317208,
      "exact_match_mean": 0.0017666666666666666,
      "exact_match_std": 0.00015802512976931322,
      "exact_match_min": 0.0014583333333333334,
      "exact_match_max": 0.001875,
      "exact_match_recovery_vs_full_c2": -0.00010878661087866108
    },
    {
      "pct": 0.3,
      "swaps_kept": 7,
      "total_swaps": 2224,
      "num_runs": 100,
      "top1_acc_mean": 0.023133437557611613,
      "top1_acc_std": 0.0032642212237222576,
      "top1_acc_min": 0.01832291671074927,
      "top1_acc_max": 0.050906250113621355,
      "top1_acc_recovery_vs_full_c2": 0.0004466832630967077,
      "exact_match_mean": 0.0017333333333333333,
      "exact_match_std": 0.00019162823505783393,
      "exact_match_min": 0.0010416666666666667,
      "exact_match_max": 0.001875,
      "exact_match_recovery_vs_full_c2": -0.00014225941422594144
    },
    {
      "pct": 0.4,
      "swaps_kept": 9,
      "total_swaps": 2224,
      "num_runs": 100,
      "top1_acc_mean": 0.02356906255884096,
      "top1_acc_std": 0.003398970271911254,
      "top1_acc_min": 0.01765625004346172,
      "top1_acc_max": 0.050375000111137824,
      "top1_acc_recovery_vs_full_c2": 0.0008934733627798398,
      "exact_match_mean": 0.0017,
      "exact_match_std": 0.00023073955174772427,
      "exact_match_min": 0.0010416666666666667,
      "exact_match_max": 0.001875,
      "exact_match_recovery_vs_full_c2": -0.00017573221757322179
    },
    {
      "pct": 0.5,
      "swaps_kept": 11,
      "total_swaps": 2224,
      "num_runs": 100,
      "top1_acc_mean": 0.023703125059201073,
      "top1_acc_std": 0.003576713885938247,
      "top1_acc_min": 0.016875000040357312,
      "top1_acc_max": 0.05205208345005909,
      "top1_acc_recovery_vs_full_c2": 0.0010309718941557495,
      "exact_match_mean": 0.0017,
      "exact_match_std": 0.00023073955174772427,
      "exact_match_min": 0.0010416666666666667,
      "exact_match_max": 0.001875,
      "exact_match_recovery_vs_full_c2": -0.00017573221757322179
    },
    {
      "pct": 0.6,
      "swaps_kept": 13,
      "total_swaps": 2224,
      "num_runs": 100,
      "top1_acc_mean": 0.023864270892801385,
      "top1_acc_std": 0.0037088160918778,
      "top1_acc_min": 0.01676041670764486,
      "top1_acc_max": 0.0514166667809089,
      "top1_acc_recovery_vs_full_c2": 0.0011962479064475669,
      "exact_match_mean": 0.0016958333333333333,
      "exact_match_std": 0.00023692669596155525,
      "exact_match_min": 0.0010416666666666667,
      "exact_match_max": 0.001875,
      "exact_match_recovery_vs_full_c2": -0.0001799163179916318
    },
    {
      "pct": 0.7,
      "swaps_kept": 16,
      "total_swaps": 2224,
      "num_runs": 100,
      "top1_acc_mean": 0.024306250060380747,
      "top1_acc_std": 0.004698189748237208,
      "top1_acc_min": 0.01693750004284084,
      "top1_acc_max": 0.051531250113621356,
      "top1_acc_recovery_vs_full_c2": 0.001649555030197073,
      "exact_match_mean": 0.00168125,
      "exact_match_std": 0.00024995615496555137,
      "exact_match_min": 0.0010416666666666667,
      "exact_match_max": 0.001875,
      "exact_match_recovery_vs_full_c2": -0.00019456066945606684
    },
    {
      "pct": 0.8,
      "swaps_kept": 18,
      "total_swaps": 2224,
      "num_runs": 100,
      "top1_acc_mean": 0.02453104172743236,
      "top1_acc_std": 0.004743879986467286,
      "top1_acc_min": 0.017375000041599076,
      "top1_acc_max": 0.051083333445712927,
      "top1_acc_recovery_vs_full_c2": 0.001880108122986738,
      "exact_match_mean": 0.001675,
      "exact_match_std": 0.0002528596271082521,
      "exact_match_min": 0.0010416666666666667,
      "exact_match_max": 0.0020833333333333333,
      "exact_match_recovery_vs_full_c2": -0.00020083682008368187
    },
    {
      "pct": 0.9,
      "swaps_kept": 20,
      "total_swaps": 2224,
      "num_runs": 100,
      "top1_acc_mean": 0.024690000061194102,
      "top1_acc_std": 0.005079954463524075,
      "top1_acc_min": 0.015989583373690646,
      "top1_acc_max": 0.05129166677904626,
      "top1_acc_recovery_vs_full_c2": 0.0020431405696701224,
      "exact_match_mean": 0.00166875,
      "exact_match_std": 0.00024861957550062296,
      "exact_match_min": 0.0010416666666666667,
      "exact_match_max": 0.0020833333333333333,
      "exact_match_recovery_vs_full_c2": -0.0002071129707112969
    },
    {
      "pct": 1.0,
      "swaps_kept": 22,
      "total_swaps": 2224,
      "num_runs": 100,
      "top1_acc_mean": 0.02482552089501793,
      "top1_acc_std": 0.005228810844870099,
      "top1_acc_min": 0.016260416706403095,
      "top1_acc_max": 0.051885416780908904,
      "top1_acc_recovery_vs_full_c2": 0.002182134811695758,
      "exact_match_mean": 0.0016625,
      "exact_match_std": 0.0002745711378938248,
      "exact_match_min": 0.0010416666666666667,
      "exact_match_max": 0.0020833333333333333,
      "exact_match_recovery_vs_full_c2": -0.00021338912133891214
    },
    {
      "pct": 2.0,
      "swaps_kept": 44,
      "total_swaps": 2224,
      "num_runs": 100,
      "top1_acc_mean": 0.027015208399513116,
      "top1_acc_std": 0.008095977307325058,
      "top1_acc_min": 0.0,
      "top1_acc_max": 0.0591250001359731,
      "top1_acc_recovery_vs_full_c2": 0.0044279441560801025,
      "exact_match_mean": 0.0015583333333333332,
      "exact_match_std": 0.0003900146044633778,
      "exact_match_min": 0.0,
      "exact_match_max": 0.0020833333333333333,
      "exact_match_recovery_vs_full_c2": -0.0003179916317991632
    },
    {
      "pct": 3.0,
      "swaps_kept": 67,
      "total_swaps": 2224,
      "num_runs": 100,
      "top1_acc_mean": 0.03056114590714375,
      "top1_acc_std": 0.009660450615564056,
      "top1_acc_min": 0.0,
      "top1_acc_max": 0.06185416681071122,
      "top1_acc_recovery_vs_full_c2": 0.008064764283560228,
      "exact_match_mean": 0.0015375,