{
  "config": {
    "checkpoint": "/work/scratch/checkpoints/fineweb/private_finetune_150m_synbios_key5pct_kl0p1/final",
    "bio_metadata": "/work/scratch/data/datasets/synthetic_bios/bios_metadata.json",
    "key_path": "/work/permutation-alignment/configs/keys/150m/both/key_5pct.json",
    "output_dir": "/work/scratch/checkpoints/fineweb/evals/partial_key_recovery_150m_synbios_key5pct_kl0p1_test",
    "eval_split": "test",
    "target_attr": null,
    "batch_size": 32,
    "max_bios": null,
    "partial_key_pcts": [
      0.1,
      0.2,
      0.3,
      0.4,
      0.5,
      0.6,
      0.7,
      0.8,
      0.9,
      1.0,
      2.0,
      3.0,
      4.0,
      5.0,
      6.0,
      7.0,
      8.0,
      9.0,
      10.0,
      20.0,
      30.0,
      40.0,
      50.0,
      60.0,
      70.0,
      80.0,
      90.0,
      100.0
    ],
    "num_runs": 100,
    "seed": 42,
    "device": "auto"
  },
  "memo_eval_mode": "greedy_decode_extraction_attack_style",
  "baseline_c1": {
    "num_bios": 4800,
    "top1_acc": 0.007711805617436767,
    "exact_match": 0.0
  },
  "baseline_full_c2": {
    "num_bios": 4800,
    "top1_acc": 0.9975,
    "exact_match": 0.9975
  },
  "partial_key_summaries": [
    {
      "pct": 0.1,
      "swaps_kept": 2,
      "total_swaps": 2224,
      "num_runs": 100,
      "top1_acc_mean": 0.007878368118808916,
      "top1_acc_std": 0.0003768667098534403,
      "top1_acc_min": 0.005986111173406243,
      "top1_acc_max": 0.008878472298383712,
      "top1_acc_recovery_vs_full_c2": 0.00016828095376107392,
      "exact_match_mean": 0.0,
      "exact_match_std": 0.0,
      "exact_match_min": 0.0,
      "exact_match_max": 0.0,
      "exact_match_recovery_vs_full_c2": 0.0
    },
    {
      "pct": 0.2,
      "swaps_kept": 4,
      "total_swaps": 2224,
      "num_runs": 100,
      "top1_acc_mean": 0.00790572923036913,
      "top1_acc_std": 0.00048217132941683055,
      "top1_acc_min": 0.00579513894704481,
      "top1_acc_max": 0.009017361178994179,
      "top1_acc_recovery_vs_full_c2": 0.00019592435435475576,
      "exact_match_mean": 2.0833333333333334e-06,
      "exact_match_std": 2.0833333333333336e-05,
      "exact_match_min": 0.0,
      "exact_match_max": 0.00020833333333333335,
      "exact_match_recovery_vs_full_c2": 2.0885547201336676e-06
    },
    {
      "pct": 0.3,
      "swaps_kept": 7,
      "total_swaps": 2224,
      "num_runs": 100,
      "top1_acc_mean": 0.008099930620317658,
      "top1_acc_std": 0.0015664023822878621,
      "top1_acc_min": 0.006055555613711476,
      "top1_acc_max": 0.02235069455889364,
      "top1_acc_recovery_vs_full_c2": 0.00039212935159628406,
      "exact_match_mean": 2.0833333333333334e-06,
      "exact_match_std": 2.0833333333333336e-05,
      "exact_match_min": 0.0,
      "exact_match_max": 0.00020833333333333335,
      "exact_match_recovery_vs_full_c2": 2.0885547201336676e-06
    },
    {
      "pct": 0.4,
      "swaps_kept": 9,
      "total_swaps": 2224,
      "num_runs": 100,
      "top1_acc_mean": 0.008182916731759906,
      "top1_acc_std": 0.001606941706401296,
      "top1_acc_min": 0.006201388947665691,
      "top1_acc_max": 0.022704861226181188,
      "top1_acc_recovery_vs_full_c2": 0.0004759716442334631,
      "exact_match_mean": 2.0833333333333334e-06,
      "exact_match_std": 2.0833333333333336e-05,
      "exact_match_min": 0.0,
      "exact_match_max": 0.00020833333333333335,
      "exact_match_recovery_vs_full_c2": 2.0885547201336676e-06
    },
    {
      "pct": 0.5,
      "swaps_kept": 11,
      "total_swaps": 2224,
      "num_runs": 100,
      "top1_acc_mean": 0.008268680620876451,
      "top1_acc_std": 0.0017737180972053153,
      "top1_acc_min": 0.00617708339355886,
      "top1_acc_max": 0.024069444565102457,
      "top1_acc_recovery_vs_full_c2": 0.000562620373328525,
      "exact_match_mean": 2.0833333333333334e-06,
      "exact_match_std": 2.0833333333333336e-05,
      "exact_match_min": 0.0,
      "exact_match_max": 0.00020833333333333335,
      "exact_match_recovery_vs_full_c2": 2.0885547201336676e-06
    },
    {
      "pct": 0.6,
      "swaps_kept": 13,
      "total_swaps": 2224,
      "num_runs": 100,
      "top1_acc_mean": 0.008280763954296708,
      "top1_acc_std": 0.001878361334748059,
      "top1_acc_min": 0.005534722280378143,
      "top1_acc_max": 0.02470486123425265,
      "top1_acc_recovery_vs_full_c2": 0.0005748283724629194,
      "exact_match_mean": 2.0833333333333334e-06,
      "exact_match_std": 2.0833333333333336e-05,
      "exact_match_min": 0.0,
      "exact_match_max": 0.00020833333333333335,
      "exact_match_recovery_vs_full_c2": 2.0885547201336676e-06
    },
    {
      "pct": 0.7,
      "swaps_kept": 16,
      "total_swaps": 2224,
      "num_runs": 100,
      "top1_acc_mean": 0.00846760423273469,
      "top1_acc_std": 0.0018633173802563322,
      "top1_acc_min": 0.0058090278351058565,
      "top1_acc_max": 0.02395833345440527,
      "top1_acc_recovery_vs_full_c2": 0.0007635963124104492,
      "exact_match_mean": 6.25e-06,
      "exact_match_std": 4.639614653200285e-05,
      "exact_match_min": 0.0,
      "exact_match_max": 0.0004166666666666667,
      "exact_match_recovery_vs_full_c2": 6.265664160401003e-06
    },
    {
      "pct": 0.8,
      "swaps_kept": 18,
      "total_swaps": 2224,
      "num_runs": 100,
      "top1_acc_mean": 0.00854690978853032,
      "top1_acc_std": 0.001912892454938826,
      "top1_acc_min": 0.005611111167818308,
      "top1_acc_max": 0.02376041678711772,
      "top1_acc_recovery_vs_full_c2": 0.0008437200765104054,
      "exact_match_mean": 8.333333333333334e-06,
      "exact_match_std": 5.862720589012071e-05,
      "exact_match_min": 0.0,
      "exact_match_max": 0.0004166666666666667,
      "exact_match_recovery_vs_full_c2": 8.35421888053467e-06
    },
    {
      "pct": 0.9,
      "swaps_kept": 20,
      "total_swaps": 2224,
      "num_runs": 100,
      "top1_acc_mean": 0.008608507011054704,
      "top1_acc_std": 0.0019299171013796405,
      "top1_acc_min": 0.0054618056149532395,
      "top1_acc_max": 0.02380208345440527,
      "top1_acc_recovery_vs_full_c2": 0.0009059528075875922,
      "exact_match_mean": 1.0416666666666668e-05,
      "exact_match_std": 6.193629062610033e-05,
      "exact_match_min": 0.0,
      "exact_match_max": 0.0004166666666666667,
      "exact_match_recovery_vs_full_c2": 1.0442773600668338e-05
    },
    {
      "pct": 1.0,
      "swaps_kept": 22,
      "total_swaps": 2224,
      "num_runs": 100,
      "top1_acc_mean": 0.008816632011936356,
      "top1_acc_std": 0.0025541757513268433,
      "top1_acc_min": 0.005565972281619907,
      "top1_acc_max": 0.0252777778947105,
      "top1_acc_recovery_vs_full_c2": 0.0011162250679184827,
      "exact_match_mean": 8.333333333333334e-06,
      "exact_match_std": 5.862720589012071e-05,
      "exact_match_min": 0.0,
      "exact_match_max": 0.0004166666666666667,
      "exact_match_recovery_vs_full_c2": 8.35421888053467e-06
    },
    {
      "pct": 2.0,
      "swaps_kept": 44,
      "total_swaps": 2224,
      "num_runs": 100,
      "top1_acc_mean": 0.011161423684035738,
      "top1_acc_std": 0.011075454301113572,
      "top1_acc_min": 0.005708333387350043,
      "top1_acc_max": 0.10240972249458234,
      "top1_acc_recovery_vs_full_c2": 0.003485208336669308,
      "exact_match_mean": 2.7083333333333335e-05,
      "exact_match_std": 9.665690621802901e-05,
      "exact_match_min": 0.0,
      "exact_match_max": 0.000625,
      "exact_match_recovery_vs_full_c2": 2.7151211361737677e-05
    },
    {
      "pct": 3.0,
      "swaps_kept": 67,
      "total_swaps": 2224,
      "num_runs": 100,
      "top1_acc_mean": 0.012002847298638274,
      "top1_acc_std": 0.01144081845783226,
      "top1_acc_min": 0.0054861111659556625,
      "top1_acc_max": 0.10454166694854697,
      "top1_acc_recovery_vs_full_c2": 0.004335313055414132,
      "exact_match_mean": 5.416666666666667e-05,
      "exact_match_std": 0.0001439117021032156,
      "exact_match_min": 0.0,