{
  "config": {
    "checkpoint": "/work/scratch/checkpoints/fineweb/private_finetune_150m_synbios_key5pct_kl0p1/final",
    "bio_metadata": "/work/scratch/data/datasets/synthetic_bios/bios_metadata.json",
    "key_path": "/work/permutation-alignment/configs/keys/150m/both/key_5pct.json",
    "output_dir": "/work/scratch/checkpoints/fineweb/evals/partial_key_recovery_per_module_5pct_150m_synbios_key5pct_kl0p1_test",
    "eval_split": "test",
    "target_attr": null,
    "batch_size": 32,
    "max_bios": null,
    "partial_key_pcts": [
      5.0,
      10.0,
      15.0,
      20.0,
      25.0,
      30.0,
      35.0,
      40.0,
      45.0,
      50.0,
      55.0,
      60.0,
      65.0,
      70.0,
      75.0,
      80.0,
      85.0,
      90.0,
      95.0,
      100.0
    ],
    "num_runs": 100,
    "seed": 42,
    "device": "auto"
  },
  "memo_eval_mode": "greedy_decode_extraction_attack_style",
  "baseline_c1": {
    "num_bios": 4800,
    "top1_acc": 0.022697916723166903,
    "exact_match": 0.001875
  },
  "baseline_full_c2": {
    "num_bios": 4800,
    "top1_acc": 0.9977083333333333,
    "exact_match": 0.9977083333333333
  },
  "partial_key_summaries": [
    {
      "pct": 5.0,
      "swaps_kept": 111,
      "total_swaps": 2224,
      "num_runs": 100,
      "top1_acc_mean": 0.03365906258135413,
      "top1_acc_std": 0.010122665113654384,
      "top1_acc_min": 0.012604166700815161,
      "top1_acc_max": 0.06230208349103729,
      "top1_acc_recovery_vs_full_c2": 0.011242080773142924,
      "exact_match_mean": 0.0014729166666666666,
      "exact_match_std": 0.0003665755453810039,
      "exact_match_min": 0.0008333333333333334,
      "exact_match_max": 0.0020833333333333333,
      "exact_match_recovery_vs_full_c2": -0.000403765690376569
    },
    {
      "pct": 10.0,
      "swaps_kept": 222,
      "total_swaps": 2224,
      "num_runs": 100,
      "top1_acc_mean": 0.04740104177861164,
      "top1_acc_std": 0.013646398363180613,
      "top1_acc_min": 0.021468750055258473,
      "top1_acc_max": 0.08219791686472794,
      "top1_acc_recovery_vs_full_c2": 0.02533626783325092,
      "exact_match_mean": 0.0014791666666666666,
      "exact_match_std": 0.0004022113746514261,
      "exact_match_min": 0.0008333333333333334,
      "exact_match_max": 0.0022916666666666667,
      "exact_match_recovery_vs_full_c2": -0.000397489539748954
    },
    {
      "pct": 15.0,
      "swaps_kept": 334,
      "total_swaps": 2224,
      "num_runs": 100,
      "top1_acc_mean": 0.06200656264852732,
      "top1_acc_std": 0.038061662986656135,
      "top1_acc_min": 0.0,
      "top1_acc_max": 0.10539583358292778,
      "top1_acc_recovery_vs_full_c2": 0.040316129197906815,
      "exact_match_mean": 0.0010875,
      "exact_match_std": 0.0007262779479565595,
      "exact_match_min": 0.0,
      "exact_match_max": 0.0022916666666666667,
      "exact_match_recovery_vs_full_c2": -0.0007907949790794979
    },
    {
      "pct": 20.0,
      "swaps_kept": 445,
      "total_swaps": 2224,
      "num_runs": 100,
      "top1_acc_mean": 0.07766520852098863,
      "top1_acc_std": 0.03881487003826625,
      "top1_acc_min": 0.0,
      "top1_acc_max": 0.11840625028436383,
      "top1_acc_recovery_vs_full_c2": 0.05637610723065642,
      "exact_match_mean": 0.0011604166666666666,
      "exact_match_std": 0.0006569786118776215,
      "exact_match_min": 0.0,
      "exact_match_max": 0.0022916666666666667,
      "exact_match_recovery_vs_full_c2": -0.0007175732217573221
    },
    {
      "pct": 25.0,
      "swaps_kept": 556,
      "total_swaps": 2224,
      "num_runs": 100,
      "top1_acc_mean": 0.07719357657494644,
      "top1_acc_std": 0.04656499011112591,
      "top1_acc_min": 0.0,
      "top1_acc_max": 0.12028125028746824,
      "top1_acc_recovery_vs_full_c2": 0.055892387325712306,
      "exact_match_mean": 0.0010395833333333333,
      "exact_match_std": 0.000661129546258543,
      "exact_match_min": 0.0,
      "exact_match_max": 0.0022916666666666667,
      "exact_match_recovery_vs_full_c2": -0.0008389121338912133
    },
    {
      "pct": 30.0,
      "swaps_kept": 668,
      "total_swaps": 2224,
      "num_runs": 100,
      "top1_acc_mean": 0.05783847236288712,
      "top1_acc_std": 0.05838218681616832,
      "top1_acc_min": 0.0,
      "top1_acc_max": 0.12265972251693408,
      "top1_acc_recovery_vs_full_c2": 0.03604121047433925,
      "exact_match_mean": 0.000675,
      "exact_match_std": 0.0007070323763059094,
      "exact_match_min": 0.0,
      "exact_match_max": 0.0022916666666666667,
      "exact_match_recovery_vs_full_c2": -0.0012050209205020919
    },
    {
      "pct": 35.0,
      "swaps_kept": 779,
      "total_swaps": 2224,
      "num_runs": 100,
      "top1_acc_mean": 0.07348659740065534,
      "top1_acc_std": 0.05789893660231521,
      "top1_acc_min": 0.0,
      "top1_acc_max": 0.12267708362390597,
      "top1_acc_recovery_vs_full_c2": 0.052090398022685974,
      "exact_match_mean": 0.0008312500000000001,
      "exact_match_std": 0.0006813764117829669,
      "exact_match_min": 0.0,
      "exact_match_max": 0.0025,
      "exact_match_recovery_vs_full_c2": -0.0010481171548117154
    },
    {
      "pct": 40.0,
      "swaps_kept": 890,
      "total_swaps": 2224,
      "num_runs": 100,
      "top1_acc_mean": 0.07386156268032888,
      "top1_acc_std": 0.05821713708209814,
      "top1_acc_min": 0.0,
      "top1_acc_max": 0.12245138919601838,
      "top1_acc_recovery_vs_full_c2": 0.05247497368801803,
      "exact_match_mean": 0.0008625,
      "exact_match_std": 0.000713759175418311,
      "exact_match_min": 0.0,
      "exact_match_max": 0.0025,
      "exact_match_recovery_vs_full_c2": -0.0010167364016736402
    },
    {
      "pct": 45.0,
      "swaps_kept": 1001,
      "total_swaps": 2224,
      "num_runs": 100,
      "top1_acc_mean": 0.0740681599017543,
      "top1_acc_std": 0.05953580250310052,
      "top1_acc_min": 0.0,
      "top1_acc_max": 0.1239166669609646,
      "top1_acc_recovery_vs_full_c2": 0.05268686601030081,
      "exact_match_mean": 0.0009145833333333333,
      "exact_match_std": 0.0008723479731456954,
      "exact_match_min": 0.0,
      "exact_match_max": 0.004583333333333333,
      "exact_match_recovery_vs_full_c2": -0.0009644351464435146
    },
    {
      "pct": 50.0,
      "swaps_kept": 1112,
      "total_swaps": 2224,
      "num_runs": 100,
      "top1_acc_mean": 0.07568812518402314,
      "top1_acc_std": 0.059571555559523724,
      "top1_acc_min": 0.0,
      "top1_acc_max": 0.12703472251693407,
      "top1_acc_recovery_vs_full_c2": 0.05434835111309693,
      "exact_match_mean": 0.0012458333333333334,
      "exact_match_std": 0.0014326991882755073,
      "exact_match_min": 0.0,
      "exact_match_max": 0.006458333333333333,
      "exact_match_recovery_vs_full_c2": -0.0006317991631799161
    },
    {
      "pct": 55.0,
      "swaps_kept": 1223,
      "total_swaps": 2224,
      "num_runs": 100,
      "top1_acc_mean": 0.046564722333693256,
      "top1_acc_std": 0.06108370062878581,
      "top1_acc_min": 0.0,
      "top1_acc_max": 0.13350000029429793,
      "top1_acc_recovery_vs_full_c2": 0.024478513463993996,
      "exact_match_mean": 0.0019166666666666668,
      "exact_match_std": 0.0032104616011533857,
      "exact_match_min": 0.0,
      "exact_match_max": 0.013125,
      "exact_match_recovery_vs_full_c2": 4.18410041841006e-05
    },
    {
      "pct": 60.0,
      "swaps_kept": 1334,
      "total_swaps": 2224,
      "num_runs": 100,
      "top1_acc_mean": 0.05923618069672957,
      "top1_acc_std": 0.06445881447973976,
      "top1_acc_min": 0.0,
      "top1_acc_max": 0.1355173614434898,
      "top1_acc_recovery_vs_full_c2": 0.03747474216798196,
      "exact_match_mean": 0.0035604166666666666,
      "exact_match_std": 0.00449243102930143,
      "exact_match_min": 0.0,
      "exact_match_max": 0.014166666666666666,
      "exact_match_recovery_vs_full_c2": 0.0016924686192468618
    },
    {
      "pct": 65.0,
      "swaps_kept": 1445,
      "total_swaps": 2224,