{
  "checkpoint": "/work/scratch/checkpoints/fineweb/private_finetune_150m_fineweb2_spa_key5pct_kl0p1/final",
  "key_path": "/work/permutation-alignment/configs/keys/150m/both/key_5pct.json",
  "methods": {
    "mlp_smallest": {
      "n": 73728,
      "k_true": 4438,
      "accuracy": 0.9424099392361112,
      "precision": 0.5216313654799459,
      "recall": 0.5216313654799459,
      "f1": 0.5216313654799459,
      "auc": 0.8054262619678604,
      "tp": 2315,
      "fp": 2123,
      "fn": 2123,
      "tn": 67167
    },
    "attn_smallest": {
      "n": 144,
      "k_true": 10,
      "accuracy": 0.9027777777777778,
      "precision": 0.3,
      "recall": 0.3,
      "f1": 0.3,
      "auc": 0.7283582089552239,
      "tp": 3,
      "fp": 7,
      "fn": 7,
      "tn": 127
    },
    "mlp_largest": {
      "n": 73728,
      "k_true": 4438,
      "accuracy": 0.8834906684027778,
      "precision": 0.03222172149616945,
      "recall": 0.03222172149616945,
      "f1": 0.03222172149616945,
      "auc": 0.19457373803213968,
      "tp": 143,
      "fp": 4295,
      "fn": 4295,
      "tn": 64995
    },
    "attn_largest": {
      "n": 144,
      "k_true": 10,
      "accuracy": 0.8611111111111112,
      "precision": 0.0,
      "recall": 0.0,
      "f1": 0.0,
      "auc": 0.2716417910447761,
      "tp": 0,
      "fp": 10,
      "fn": 10,
      "tn": 124
    },
    "combined_small_mlp_large_attn": {
      "n": 73872,
      "k_true": 4448,
      "accuracy": 0.9422243881308209,
      "precision": 0.5202338129496403,
      "recall": 0.5202338129496403,
      "f1": 0.5202338129496403,
      "auc": 0.8041438322103898,
      "tp": 2314,
      "fp": 2134,
      "fn": 2134,
      "tn": 67290
    }
  }
}