{
  "checkpoint": "/work/scratch/checkpoints/fineweb/private_finetune_530m_alpaca_key5pct_kl0p1/final",
  "key_path": "/work/permutation-alignment/configs/keys/530m/both/key_5pct.json",
  "methods": {
    "mlp_smallest": {
      "n": 172032,
      "k_true": 9046,
      "accuracy": 0.9617861793154762,
      "precision": 0.6366349767853194,
      "recall": 0.6366349767853194,
      "f1": 0.6366349767853194,
      "auc": 0.9054983024236127,
      "tp": 5759,
      "fp": 3287,
      "fn": 3287,
      "tn": 159699
    },
    "attn_smallest": {
      "n": 256,
      "k_true": 16,
      "accuracy": 0.8984375,
      "precision": 0.1875,
      "recall": 0.1875,
      "f1": 0.1875,
      "auc": 0.5872395833333334,
      "tp": 3,
      "fp": 13,
      "fn": 13,
      "tn": 227
    },
    "mlp_largest": {
      "n": 172032,
      "k_true": 9046,
      "accuracy": 0.8957635788690477,
      "precision": 0.008843687817820032,
      "recall": 0.008843687817820032,
      "f1": 0.008843687817820032,
      "auc": 0.09450169757638727,
      "tp": 80,
      "fp": 8966,
      "fn": 8966,
      "tn": 154020
    },
    "attn_largest": {
      "n": 256,
      "k_true": 16,
      "accuracy": 0.8828125,
      "precision": 0.0625,
      "recall": 0.0625,
      "f1": 0.0625,
      "auc": 0.4127604166666667,
      "tp": 1,
      "fp": 15,
      "fn": 15,
      "tn": 225
    },
    "combined_small_mlp_large_attn": {
      "n": 172288,
      "k_true": 9062,
      "accuracy": 0.961645616641902,
      "precision": 0.6354005738247628,
      "recall": 0.6354005738247628,
      "f1": 0.6354005738247628,
      "auc": 0.9045792839319291,
      "tp": 5758,
      "fp": 3304,
      "fn": 3304,
      "tn": 159922
    }
  }
}