{
  "config": {
    "checkpoint": "/work/scratch/checkpoints/fineweb/private_finetune_150m_synbios_key5pct_kl0p1/final",
    "bio_metadata": "/work/scratch/data/datasets/synthetic_bios/bios_metadata.json",
    "key_path": "/work/permutation-alignment/configs/keys/150m/both/key_5pct.json",
    "output_dir": "/work/scratch/checkpoints/fineweb/evals/partial_key_recovery_independent_150m_synbios_key5pct_kl0p1_test",
    "eval_split": "test",
    "target_attr": null,
    "batch_size": 32,
    "max_bios": null,
    "partial_key_pcts": [
      0.1,
      0.2,
      0.3,
      0.4,
      0.5,
      0.6,
      0.7,
      0.8,
      0.9,
      1.0,
      2.0,
      3.0,
      4.0,
      5.0,
      6.0,
      7.0,
      8.0,
      9.0,
      10.0,
      20.0,
      30.0,
      40.0,
      50.0,
      60.0,
      70.0,
      80.0,
      90.0,
      100.0
    ],
    "num_runs": 100,
    "seed": 42,
    "device": "auto"
  },
  "memo_eval_mode": "greedy_decode_extraction_attack_style",
  "baseline_c1": {
    "num_bios": 4800,
    "top1_acc": 0.022697916723166903,
    "exact_match": 0.001875
  },
  "baseline_full_c2": {
    "num_bios": 4800,
    "top1_acc": 0.9977083333333333,
    "exact_match": 0.9977083333333333
  },
  "partial_key_summaries": [
    {
      "pct": 0.1,
      "swaps_kept": 2,
      "total_swaps": 2224,
      "num_runs": 100,
      "top1_acc_mean": 0.02286583339025577,
      "top1_acc_std": 0.001441420753609456,
      "top1_acc_min": 0.019718750047807893,
      "top1_acc_max": 0.030208333407839138,
      "top1_acc_recovery_vs_full_c2": 0.0001722203827038749,
      "exact_match_mean": 0.0018020833333333333,
      "exact_match_std": 0.00014316338977839093,
      "exact_match_min": 0.0010416666666666667,
      "exact_match_max": 0.001875,
      "exact_match_recovery_vs_full_c2": -7.322175732217572e-05
    },
    {
      "pct": 0.2,
      "swaps_kept": 4,
      "total_swaps": 2224,
      "num_runs": 100,
      "top1_acc_mean": 0.022645208389653514,
      "top1_acc_std": 0.001491815777439911,
      "top1_acc_min": 0.01919791671447456,
      "top1_acc_max": 0.026750000066434344,
      "top1_acc_recovery_vs_full_c2": -5.405925169152645e-05,
      "exact_match_mean": 0.0017479166666666667,
      "exact_match_std": 0.000184672849785266,
      "exact_match_min": 0.0010416666666666667,
      "exact_match_max": 0.001875,
      "exact_match_recovery_vs_full_c2": -0.00012761506276150615
    },
    {
      "pct": 0.3,
      "swaps_kept": 7,
      "total_swaps": 2224,
      "num_runs": 100,
      "top1_acc_mean": 0.022930833390603464,
      "top1_acc_std": 0.0018379890523132496,
      "top1_acc_min": 0.01847916671074927,
      "top1_acc_max": 0.028750000071401396,
      "top1_acc_recovery_vs_full_c2": 0.00023888633748790652,
      "exact_match_mean": 0.0016958333333333333,
      "exact_match_std": 0.00022555113943032183,
      "exact_match_min": 0.0008333333333333334,
      "exact_match_max": 0.001875,
      "exact_match_recovery_vs_full_c2": -0.0001799163179916318
    },
    {
      "pct": 0.4,
      "swaps_kept": 9,
      "total_swaps": 2224,
      "num_runs": 100,
      "top1_acc_mean": 0.022845833390019835,
      "top1_acc_std": 0.002309488406861097,
      "top1_acc_min": 0.017187500040357313,
      "top1_acc_max": 0.02948958340411385,
      "top1_acc_recovery_vs_full_c2": 0.00015170778109960717,
      "exact_match_mean": 0.0017208333333333333,
      "exact_match_std": 0.00022083690677497585,
      "exact_match_min": 0.0010416666666666667,
      "exact_match_max": 0.001875,
      "exact_match_recovery_vs_full_c2": -0.00015481171548117147
    },
    {
      "pct": 0.5,
      "swaps_kept": 11,
      "total_swaps": 2224,
      "num_runs": 100,
      "top1_acc_mean": 0.02300906255701557,
      "top1_acc_std": 0.005621201821593259,
      "top1_acc_min": 0.0,
      "top1_acc_max": 0.05111458344695469,
      "top1_acc_recovery_vs_full_c2": 0.00031912052276367615,
      "exact_match_mean": 0.0016354166666666667,
      "exact_match_std": 0.00033155962225347405,
      "exact_match_min": 0.0,
      "exact_match_max": 0.0020833333333333333,
      "exact_match_recovery_vs_full_c2": -0.00024058577405857725
    },
    {
      "pct": 0.6,
      "swaps_kept": 13,
      "total_swaps": 2224,
      "num_runs": 100,
      "top1_acc_mean": 0.024192708393527815,
      "top1_acc_std": 0.003871070269768937,
      "top1_acc_min": 0.016614583376795052,
      "top1_acc_max": 0.047125000106170774,
      "top1_acc_recovery_vs_full_c2": 0.0015331032826888932,
      "exact_match_mean": 0.00170625,
      "exact_match_std": 0.00024000612307471607,
      "exact_match_min": 0.0010416666666666667,
      "exact_match_max": 0.001875,
      "exact_match_recovery_vs_full_c2": -0.00016945606694560654
    },
    {
      "pct": 0.7,
      "swaps_kept": 16,
      "total_swaps": 2224,
      "num_runs": 100,
      "top1_acc_mean": 0.024474895894310126,
      "top1_acc_std": 0.005310429085670092,
      "top1_acc_min": 0.016770833373690643,
      "top1_acc_max": 0.0515937501223137,
      "top1_acc_recovery_vs_full_c2": 0.0018225232683372482,
      "exact_match_mean": 0.0017145833333333334,
      "exact_match_std": 0.00021931294807174328,
      "exact_match_min": 0.0010416666666666667,
      "exact_match_max": 0.0020833333333333333,
      "exact_match_recovery_vs_full_c2": -0.0001610878661087865
    },
    {
      "pct": 0.8,
      "swaps_kept": 18,
      "total_swaps": 2224,
      "num_runs": 100,
      "top1_acc_mean": 0.024430937560275198,
      "top1_acc_std": 0.005518869901286797,
      "top1_acc_min": 0.01504166670454045,
      "top1_acc_max": 0.05311458345502615,
      "top1_acc_recovery_vs_full_c2": 0.0017774382792068151,
      "exact_match_mean": 0.0016958333333333333,
      "exact_match_std": 0.00023319650870516547,
      "exact_match_min": 0.0010416666666666667,
      "exact_match_max": 0.001875,
      "exact_match_recovery_vs_full_c2": -0.0001799163179916318
    },
    {
      "pct": 0.9,
      "swaps_kept": 20,
      "total_swaps": 2224,
      "num_runs": 100,
      "top1_acc_mean": 0.024181250060163438,
      "top1_acc_std": 0.005214688895104293,
      "top1_acc_min": 0.014760416702677807,
      "top1_acc_max": 0.05934375013845662,
      "top1_acc_recovery_vs_full_c2": 0.0015213512714599116,
      "exact_match_mean": 0.0016770833333333334,
      "exact_match_std": 0.0002466366774699186,
      "exact_match_min": 0.0010416666666666667,
      "exact_match_max": 0.0020833333333333333,
      "exact_match_recovery_vs_full_c2": -0.00019874476987447688
    },
    {
      "pct": 1.0,
      "swaps_kept": 22,
      "total_swaps": 2224,
      "num_runs": 100,
      "top1_acc_mean": 0.02455520839408661,
      "top1_acc_std": 0.005245349219898374,
      "top1_acc_min": 0.01452083336810271,
      "top1_acc_max": 0.06046875013659398,
      "top1_acc_recovery_vs_full_c2": 0.0019048941829534294,
      "exact_match_mean": 0.0017395833333333332,
      "exact_match_std": 0.0002262401134746126,
      "exact_match_min": 0.0010416666666666667,
      "exact_match_max": 0.0020833333333333333,
      "exact_match_recovery_vs_full_c2": -0.0001359832635983264
    },
    {
      "pct": 2.0,
      "swaps_kept": 44,
      "total_swaps": 2224,
      "num_runs": 100,
      "top1_acc_mean": 0.02529312506156663,
      "top1_acc_std": 0.008855049122615064,
      "top1_acc_min": 0.0,
      "top1_acc_max": 0.03935416675793628,
      "top1_acc_recovery_vs_full_c2": 0.0026617237048836124,
      "exact_match_mean": 0.00151875,
      "exact_match_std": 0.0005131333170494952,
      "exact_match_min": 0.0,
      "exact_match_max": 0.0020833333333333333,
      "exact_match_recovery_vs_full_c2": -0.0003577405857740586
    },
    {
      "pct": 3.0,
      "swaps_kept": 67,
      "total_swaps": 2224,
      "num_runs": 100,
      "top1_acc_mean": 0.02993468757191052,
      "top1_acc_std": 0.009733844519261644,
      "top1_acc_min": 0.0,
      "top1_acc_max": 0.07403125017260512,
      "top1_acc_recovery_vs_full_c2": 0.007422249778524222,