{
  "checkpoint": "/work/scratch/checkpoints/fineweb/mixed_private_finetune_150m_fineweb2_spa_key5pct_priv0p8/final",
  "key_path": [
    "/work/permutation-alignment/configs/keys/150m/both/key_5pct.json"
  ],
  "methods": {
    "mlp_smallest": {
      "n": 73728,
      "k_true": 4438,
      "accuracy": 0.9261881510416666,
      "precision": 0.3868859846777828,
      "recall": 0.3868859846777828,
      "f1": 0.38688598467778285,
      "auc": 0.7120477083891718,
      "tp": 1717,
      "fp": 2721,
      "fn": 2721,
      "tn": 66569
    },
    "attn_smallest": {
      "n": 144,
      "k_true": 10,
      "accuracy": 0.8888888888888888,
      "precision": 0.2,
      "recall": 0.2,
      "f1": 0.20000000000000004,
      "auc": 0.6597014925373135,
      "tp": 2,
      "fp": 8,
      "fn": 8,
      "tn": 126
    },
    "mlp_largest": {
      "n": 73728,
      "k_true": 4438,
      "accuracy": 0.88525390625,
      "precision": 0.04686795853988283,
      "recall": 0.04686795853988283,
      "f1": 0.04686795853988283,
      "auc": 0.2879522916108282,
      "tp": 208,
      "fp": 4230,
      "fn": 4230,
      "tn": 65060
    },
    "attn_largest": {
      "n": 144,
      "k_true": 10,
      "accuracy": 0.8611111111111112,
      "precision": 0.0,
      "recall": 0.0,
      "f1": 0.0,
      "auc": 0.3402985074626866,
      "tp": 0,
      "fp": 10,
      "fn": 10,
      "tn": 124
    },
    "combined_smallest": {
      "n": 73872,
      "k_true": 4448,
      "accuracy": 0.9261154429283084,
      "precision": 0.3864658273381295,
      "recall": 0.3864658273381295,
      "f1": 0.3864658273381295,
      "auc": 0.7119291678462946,
      "tp": 1719,
      "fp": 2729,
      "fn": 2729,
      "tn": 66695
    }
  }
}